{"rotation_vec": null, "camera_matrix": [[833.1070784072949, 0.0, 325.91544657751496], [0.0, 830.3241646190904, 238.73581048563537], [0.0, 0.0, 1.0]], "translation_vec": null, "distortion_coeffs": [[-0.1260810370693256, 1.1736707423320776, -0.006708158076264428, 0.008883938203072025, -3.2156498607456787]]}