{"translation_vec": null, "camera_matrix": [[800.9578587756014, 0.0, 339.1878527036493], [0.0, 798.3314352307988, 272.7494736717593], [0.0, 0.0, 1.0]], "distortion_coeffs": [[-0.011314024552500879, -0.10341731781845118, 0.006069303233429171, 0.01568173264031439, 0.3766488709176041]], "rotation_vec": null}