{"distortion_coeffs": [[-0.009559354064979046, -0.47891039817491465, 0.0007026071303209618, 0.012576382174381557, 2.5869022486737485]], "translation_vec": null, "rotation_vec": null, "camera_matrix": [[804.1328146615967, 0.0, 349.26567407164526], [0.0, 803.4434673627925, 264.92275726079873], [0.0, 0.0, 1.0]]}