{"rotation_vec": null, "camera_matrix": [[576.9945406897584, 0.0, 364.6668137701818], [0.0, 580.4555332233208, 219.35677021893], [0.0, 0.0, 1.0]], "distortion_coeffs": [[-0.014486392814597644, -0.2385084052952462, -0.005482583900297686, 0.0023434722593759774, 0.5571423692037336]], "translation_vec": null}