{"camera_matrix": [[674.7613977750784, 0.0, 335.8603608996454], [0.0, 676.4363041525925, 246.31126853754782], [0.0, 0.0, 1.0]], "translation_vec": null, "rotation_vec": null, "distortion_coeffs": [[0.15884806116112316, -1.1799612185605566, 0.007475064441793092, 0.0006209056357474193, 2.294120220123401]]}