{"distortion_coeffs": [[0.184817181521921, -1.343629735818492, 0.0024666557083826515, 0.0030864986993474103, 2.495112228681598]], "rotation_vec": null, "camera_matrix": [[659.5219217585307, 0.0, 338.96967332362397], [0.0, 661.9424846273104, 228.99866860315927], [0.0, 0.0, 1.0]], "translation_vec": null}