{"camera_matrix": [[642.1343523080692, 0.0, 349.7825349624994], [0.0, 644.6891190913207, 251.1612888168854], [0.0, 0.0, 1.0]], "translation_vec": null, "rotation_vec": null, "distortion_coeffs": [[0.0878620574309273, -0.6972730483975542, 0.008211271693691399, 0.001143982087695532, 1.0802660749393216]]}