{"camera_matrix": [[639.3964162166302, 0.0, 343.3923980758282], [0.0, 641.8713852340231, 212.98519566317333], [0.0, 0.0, 1.0]], "distortion_coeffs": [[0.08301090355935187, -0.7398324369064316, -0.005397048922188798, 0.004260344980326637, 1.528793428363193]], "rotation_vec": null, "translation_vec": null}