{"rotation_vec": null, "distortion_coeffs": [[0.05181980412366788, -0.5204604966856167, -0.011475368678258753, 0.004381999355326312, 0.9715275237595375]], "camera_matrix": [[624.7885185999503, 0.0, 346.33711737648525], [0.0, 627.6278601833103, 205.73983450821768], [0.0, 0.0, 1.0]], "translation_vec": null}