{"camera_matrix": [[634.4052623866602, 0.0, 346.6690651535024], [0.0, 636.1002273104665, 231.51521730287965], [0.0, 0.0, 1.0]], "translation_vec": null, "distortion_coeffs": [[0.09727419802950808, -0.7313112617635483, 0.005228068314155285, 0.0031145639639170485, 1.2292728566335267]], "rotation_vec": null}