{"distortion_coeffs": [[0.14177092436817024, -1.0577250821240833, -0.010580236313548326, 0.009153728451173564, 2.3431282806421163]], "camera_matrix": [[674.1193112334289, 0.0, 345.0503057438409], [0.0, 676.3930322529529, 203.1222748737696], [0.0, 0.0, 1.0]], "rotation_vec": null, "translation_vec": null}