{"translation_vec": null, "camera_matrix": [[656.3661174193082, 0.0, 339.0060976224058], [0.0, 657.9068368957633, 224.85931382087688], [0.0, 0.0, 1.0]], "rotation_vec": null, "distortion_coeffs": [[0.1377539137846919, -1.0123360257883987, -0.0017314433743499064, 0.0021045355948445827, 1.8834204329275832]]}