{"camera_matrix": [[649.9834925794428, 0.0, 340.36387291208564], [0.0, 644.6765764906617, 248.82200909730716], [0.0, 0.0, 1.0]], "distortion_coeffs": [[0.25142880703200426, -1.7147465333294611, 0.008127471232825529, 0.007839081966763268, 3.144703525727053]], "rotation_vec": null, "translation_vec": null}