{"distortion_coeffs": [[0.052926078110011064, -0.5835162661187255, -0.011034225424471777, 0.0034935935275660136, 1.1909172523640021]], "camera_matrix": [[626.3022076993498, 0.0, 341.87498345381323], [0.0, 628.7620943915506, 210.00051007908272], [0.0, 0.0, 1.0]], "translation_vec": null, "rotation_vec": null}