{"camera_matrix": [[808.4887510055003, 0.0, 300.67847300150794], [0.0, 815.4263177221492, 213.71149574838103], [0.0, 0.0, 1.0]], "distortion_coeffs": [[-0.061323566977208276, 1.335487330252672, -0.007913004528229028, 0.0013113156412729674, -5.1517372355532585]], "rotation_vec": null, "translation_vec": null}