{"rotation_vec": null, "distortion_coeffs": [[0.09658126587011356, -0.5970995590327328, -0.011613760599118813, 0.013628587508936554, 1.7524577751493982]], "camera_matrix": [[827.8557676788968, 0.0, 336.01184152331564], [0.0, 835.6364356609149, 211.1128500971659], [0.0, 0.0, 1.0]], "translation_vec": null}