{"distortion_coeffs": [[0.12577571438966212, -1.2070704415482285, -0.003185141764073084, 0.016003977992074973, 4.483048627464024]], "camera_matrix": [[857.4537369861125, 0.0, 322.12919598419063], [0.0, 862.392382664679, 244.4104256852494], [0.0, 0.0, 1.0]], "rotation_vec": null, "translation_vec": null}