{"camera_matrix": [[848.9662372401316, 0.0, 278.36322310501123], [0.0, 857.1304411099011, 299.0437679741749], [0.0, 0.0, 1.0]], "translation_vec": null, "rotation_vec": null, "distortion_coeffs": [[0.16241213543709976, -0.7254765158488375, 0.022873739058157285, -0.004659747855754303, 1.5076012419639253]]}