{"camera_matrix": [[806.1154253717394, 0.0, 334.9229868195764], [0.0, 812.2410995909577, 207.70182225099776], [0.0, 0.0, 1.0]], "distortion_coeffs": [[0.10063871690810665, -1.1267028957284904, -0.012620405052418106, 0.016116226646386084, 3.7788027234223986]], "rotation_vec": null, "translation_vec": null}