{"rotation_vec": null, "camera_matrix": [[823.7872394230153, 0.0, 340.86468529331444], [0.0, 830.9390685732283, 199.07426715903972], [0.0, 0.0, 1.0]], "distortion_coeffs": [[0.13195473829982365, -0.8744891712391093, -0.013421067885545819, 0.01637693534758293, 3.02020180145637]], "translation_vec": null}