{"distortion_coeffs": [[0.06392978152582034, 0.12045205327399584, -0.010982252758250747, 0.016408584027578034, -0.7344376525076532]], "rotation_vec": null, "camera_matrix": [[801.3689988154836, 0.0, 338.00267690916223], [0.0, 808.7504512804703, 197.2285384947305], [0.0, 0.0, 1.0]], "translation_vec": null}