{"camera_matrix": [[844.0440757546979, 0.0, 340.7894214024381], [0.0, 851.3500256573284, 211.6598176284519], [0.0, 0.0, 1.0]], "translation_vec": null, "distortion_coeffs": [[0.16950621884244335, -1.1936129755848175, -0.008842820651190934, 0.014810995026512125, 3.597634732599454]], "rotation_vec": null}