{"distortion_coeffs": [[0.13164921603456248, -1.3598908583823677, -0.006108333574532003, 0.016980780538033053, 5.843064539696484]], "camera_matrix": [[880.354491267944, 0.0, 330.2075094773818], [0.0, 885.7223221095406, 231.37206833980588], [0.0, 0.0, 1.0]], "translation_vec": null, "rotation_vec": null}