{"translation_vec": null, "camera_matrix": [[872.9733425850098, 0.0, 281.6127959723], [0.0, 882.3705441300564, 323.0595610279845], [0.0, 0.0, 1.0]], "rotation_vec": null, "distortion_coeffs": [[0.23785394544279842, -1.520544597789971, 0.028838388568764424, -0.002955700146493664, 3.878212925207644]]}