{"camera_matrix": [[812.5723227356533, 0.0, 343.30569575174763], [0.0, 819.815059367936, 202.18913760237106], [0.0, 0.0, 1.0]], "translation_vec": null, "rotation_vec": null, "distortion_coeffs": [[0.11640302891616829, -0.5142003851434399, -0.011095129393027403, 0.014494845892777825, 1.1035745234519079]]}