{"translation_vector": [[154.19824991256743], [5.0836645038249735], [103.27495376300854]], "reprojection_error": 2.1558533761313345, "fundamental_matrix": [[-1.2029823216880796e-05, 0.00047880289244078323, -0.10377289080739978], [-0.0004495468398264275, -2.84135818287919e-05, 0.6170468740900321], [0.14339737164336722, -0.779650878945431, 1.0]], "rotation_matrix": [[0.9989901206849519, 0.024076743579623916, -0.03793480186406972], [-0.023145896625275414, 0.999424717867526, 0.024789126342577232], [0.038509820088871535, -0.023886057314199648, 0.9989726973359709]], "essential_matrix": [[2.586162409213176, -103.33697022908113, 2.5183461648821233], [97.2325116612889, 6.169712815110339, -157.95755654816432], [-8.647587368472585, 153.98714432783052, 4.015287704582938]]}