{"reprojection_error": 3.008858881071813, "fundamental_matrix": [[4.129051424109317e-06, -0.00011776252643797283, 0.024136851979447538], [0.00011378165681156075, 1.8107928985566517e-05, -0.1472669618059005], [-0.03659054336722556, 0.18039152318424045, 1.0]], "essential_matrix": [[3.6449391249028853, -104.57896839802851, -0.2898085458211259], [101.3132762143725, 16.220346980728507, -157.1016406645467], [-13.429153153639232, 155.07719006272552, 12.80694864341483]], "rotation_matrix": [[0.9992635039851331, 0.034872164930423985, -0.016011924194775276], [-0.033460583287379636, 0.9961303383012741, 0.08126954215361103], [0.01878400834279661, -0.08067391913657436, 0.9965635352558929]], "translation_vector": [[155.9672559502052], [8.216449177889206], [104.31979756652372]]}