{"translation_vector": [[159.37200217035945], [-3.3235407900280434], [45.342411523641466]], "essential_matrix": [[1.6046920368497641, -45.42836483272323, -0.8178253200413628], [47.79534246353267, -7.11806915267649, -158.49387271721156], [-2.1369223486966265, 159.15237022139618, -8.742860799493746]], "fundamental_matrix": [[-8.348003467113949e-06, 0.00023577610162412612, -0.04739389974872155], [-0.00024599511415707436, 3.654978789773711e-05, 0.6106013802849793], [0.09152664538545238, -0.7992908392005759, 1.0]], "reprojection_error": 2.940414771753771, "rotation_matrix": [[0.9992917332978396, 0.03505212050304908, 0.01368870376767366], [-0.03424760378937461, 0.9978909149872333, -0.05514366165415915], [-0.015592735400993981, 0.054635799931748906, 0.9983845932147253]]}