{"reprojection_error": 2.414126252910219, "essential_matrix": [[1.706586941479987, -51.18558337719325, 1.7489314366377795], [44.5296095032884, 8.596237984933907, -156.93739184313227], [-8.77156078937095, 154.80113257959215, 7.329608652532547]], "fundamental_matrix": [[3.636438940776796e-06, -0.00010857413189731374, 0.02340696932104566], [9.40013474897867e-05, 1.806443777617194e-05, -0.24326048955381788], [-0.036539953947165096, 0.3045049032280156, 1.0]], "translation_vector": [[155.1680465371603], [4.114781093451505], [51.07840759435894]], "rotation_matrix": [[0.9986754268447684, 0.03191809123728665, -0.04035625438749229], [-0.030046328020111764, 0.9984817879424067, 0.04616640899878066], [0.04176852869000287, -0.04489270095575777, 0.9981182472092018]]}