{"translation_vector": [[152.9368921455256], [2.8297236108673136], [16.758435877813508]], "essential_matrix": [[0.3947058454495427, -16.75773602150998, 2.806242953423983], [14.160296259474757, 0.5040161365939748, -153.1984664733328], [-5.99308973160214, 152.8454003009903, 0.25845143651166225]], "fundamental_matrix": [[9.444601823566181e-06, -0.0003996346009812479, 0.12318182778213083], [0.0003368900778746493, 1.1950827145335954e-05, -2.575682312116079], [-0.20834401456075563, 3.2512504989759146, 1.0]], "reprojection_error": 3.0828393157103466, "rotation_matrix": [[0.9996422463439991, 0.020711098649256337, -0.016924234607930248], [-0.02069074649229208, 0.9997849756247876, 0.001376780496136848], [0.016949110121631594, -0.0010261129000321049, 0.9998558269862716]]}