{"rotation_matrix": [[0.9978615192932698, 0.03323082580784261, -0.056285882154019244], [-0.028109695022133903, 0.995594454420057, 0.0894512569715575], [0.05901045127339683, -0.08767778820292978, 0.9943995032663442]], "translation_vector": [[163.92010360392234], [6.092041946210504], [-23.35554975886023]], "essential_matrix": [[-0.2970232363734896, 22.71851905636974, 8.147106768381262], [-32.978603652755254, 13.596027920303925, -161.6874818777385], [-10.686758352346791, 162.9955025312977, 15.00575526534053]], "fundamental_matrix": [[-1.5254962190023257e-06, 0.00011625448250666638, 0.001491433817245276], [-0.00016783053327946326, 6.893816813264517e-05, -0.5015779473763157], [-0.010367864578244528, 0.6155112652696829, 1.0]], "reprojection_error": 2.678224304160075}