{"essential_matrix": [[0.5157369039198049, -9.229246357199722, 5.220337693437821], [1.392001238637591, 9.31082393478209, -159.39878271035698], [-10.114222133058155, 158.92529897468904, 9.516878013761106]], "translation_vector": [[159.42713578858988], [5.753910403063154], [8.921289905781476]], "fundamental_matrix": [[1.5885326972944389e-06, -2.831759532178668e-05, 0.01576677133582073], [4.25519867391285e-06, 2.8352445033384495e-05, -0.3190553510973242], [-0.026528794989269924, 0.39667486461668183, 0.9999999999999999]], "rotation_matrix": [[0.9985121422111984, 0.030065749393985926, -0.04549233529048127], [-0.02740357034449679, 0.9979373575015301, 0.058052345648023314], [0.04714388814234301, -0.05671931960312456, 0.9972764775099134]], "reprojection_error": 2.999844796534763}