{"fundamental_matrix": [[-1.9184679448710265e-06, 4.692423186160678e-05, 0.010742099952922508], [-3.699668936022268e-05, -4.617986688061501e-06, -0.5542229336267341], [-0.039666089975671386, 0.7060766407626643, 1.0]], "essential_matrix": [[-0.36414472799681025, 8.928804839069397, 6.091750004958198], [-7.089879322625144, -0.8871669112203238, -161.25400889459635], [-11.4614465956261, 160.87314938107625, -0.7198030938326239]], "reprojection_error": 2.5878797812662726, "rotation_matrix": [[0.9993880378209554, 0.033158084911515916, 0.011139625908503793], [-0.03311485983374674, 0.9994433766244906, -0.00404264512765543], [-0.011267471702738605, 0.0036712840311735532, 0.9999297804121]], "translation_vector": [[161.16605773161518], [6.128205413824805], [-8.911266675730982]]}