{"rotation_matrix": [[0.998272513614383, 0.02096928406403621, -0.054884220754815825], [-0.016591100336287433, 0.9967329550105213, 0.07904525150586453], [0.05636243386913701, -0.07799811229661838, 0.9953590158965313]], "fundamental_matrix": [[-2.4758163851772454e-05, 0.0009117834988351683, -0.26660181510063546], [-0.0007453121087941304, -0.00022444261290729817, 2.011348983245111], [0.3495296625440408, -2.4981120027632757, 1.0]], "translation_vector": [[167.707815575185], [10.894125475676422], [56.81880574411416]], "reprojection_error": 4.258599659197081, "essential_matrix": [[1.5567059337735158, -57.482897371724945, 6.35230922221625], [47.268231366050394, 14.272342710081467, -170.04794214655809], [-13.65776321762147, 166.93146458488496, 13.854422049177332]]}