{"rotation_matrix": [[0.9996362888603411, 0.026710122816109183, -0.0037228124681637246], [-0.026194606002095194, 0.9944902652659181, 0.10150347239242025], [0.00641347097286252, -0.10136903684297383, 0.994828219221594]], "translation_vector": [[156.83731787003052], [6.535126124011021], [-1.0096364410708578]], "essential_matrix": [[0.015465812921131507, 0.341614171264341, 6.603809488961019], [-2.0151408106712876, 15.871480340179698, -156.02243095700243], [-10.641040973871455, 155.7986318307707, 15.943861413537372]], "fundamental_matrix": [[2.453341102786361e-08, 5.463632717029818e-07, 0.006664682302960486], [-3.169420323651565e-06, 2.516820899859445e-05, -0.16468479403781294], [-0.012977226419210225, 0.19591439178323158, 1.0]], "reprojection_error": 1.89123024486516}