{"translation_vector": [[159.94575660874497], [2.789041213906747], [11.532344179394874]], "rotation_matrix": [[0.9984360774234305, 0.034480802960556375, -0.04400538065406012], [-0.028776120054332638, 0.9918324669051066, 0.12425897354939501], [0.04793051443425239, -0.1227983380185819, 0.9912735414435019]], "essential_matrix": [[0.4655363007750333, -11.780643002381042, 1.3317055109912774], [3.8480260901390784, 20.03871757200153, -159.05748178785893], [-7.387297663739648, 158.5432259677097, 19.997428360061843]], "fundamental_matrix": [[5.827214229476771e-07, -1.4687639092938457e-05, 0.004555529333846416], [4.774100698356856e-06, 2.4762760382699443e-05, -0.13460596195191377], [-0.008679043765397153, 0.16065303407967285, 1.0]], "reprojection_error": 1.9696980694598}