{"translation_vec": null, "camera_matrix": [[673.5408275850119, 0.0, 359.0636521919246], [0.0, 663.9053977244296, 243.27043323573267], [0.0, 0.0, 1.0]], "rotation_vec": null, "distortion_coeffs": [[0.12140430114663067, -0.9452707794470611, 0.0023636283340703742, 0.008837315550039873, 1.677431222532498]]}