{"translation_vec": null, "rotation_vec": null, "camera_matrix": [[671.0133152311012, 0.0, 368.13778729055247], [0.0, 663.6808972526026, 278.1694956198517], [0.0, 0.0, 1.0]], "distortion_coeffs": [[0.023186991321874333, -0.4881641952081595, 0.010821329156989341, 0.0030062382086630513, 0.8281176194744869]]}