{"distortion_coeffs": [[0.1175120926326548, -0.08761285735942023, 0.002874921719700436, 0.04374368399847189, -0.6380039376110305]], "rotation_vec": null, "camera_matrix": [[726.2287298306619, 0.0, 411.94625840287966], [0.0, 702.0778283509326, 252.47465954101452], [0.0, 0.0, 1.0]], "translation_vec": null}