{"camera_matrix": [[677.325707671284, 0.0, 357.00388543065776], [0.0, 666.2480115972319, 258.6660221907064], [0.0, 0.0, 1.0]], "distortion_coeffs": [[0.16096698683168484, -1.1438590465673568, 0.010024881453995993, 0.012420515212694877, 2.2731620612086565]], "rotation_vec": null, "translation_vec": null}