{"camera_matrix": [[663.4188548327792, 0.0, 345.76583872962215], [0.0, 655.5469542373257, 256.44378195927163], [0.0, 0.0, 1.0]], "distortion_coeffs": [[0.0980170464972086, -1.2006179806370842, 0.005062702108450078, -0.0014713231148437964, 2.7232738572614954]], "translation_vec": null, "rotation_vec": null}