{"camera_matrix": [[696.7011009775455, 0.0, 356.15066603379836], [0.0, 686.9177297380592, 274.7347350170984], [0.0, 0.0, 1.0]], "distortion_coeffs": [[0.08988155225480375, -0.9428113010696171, 0.007812037488913688, 0.006802817833857801, 1.9417508482112806]], "rotation_vec": null, "translation_vec": null}