{"translation_vec": null, "distortion_coeffs": [[0.10847978452536222, -1.1734359691798701, 0.008467517580601984, 0.00035849008930110665, 2.4865374044219473]], "rotation_vec": null, "camera_matrix": [[667.6070498522511, 0.0, 353.9227076003667], [0.0, 659.9642747478231, 268.14630851573446], [0.0, 0.0, 1.0]]}