{"rotation_vec": null, "translation_vec": null, "distortion_coeffs": [[0.15396841412663964, -1.0187688647101145, 0.007490678773391922, 0.011027243294159784, 1.7449686606639503]], "camera_matrix": [[681.1933243197445, 0.0, 355.8379812237745], [0.0, 669.9620495428882, 253.30291340622992], [0.0, 0.0, 1.0]]}