{"camera_matrix": [[663.8763125043924, 0.0, 352.6966280426953], [0.0, 654.873809257584, 252.65846049798654], [0.0, 0.0, 1.0]], "distortion_coeffs": [[0.10827752472109493, -0.8781515624690852, 0.009055580002812267, 0.005911009090778518, 1.744738876015701]], "translation_vec": null, "rotation_vec": null}