{"camera_matrix": [[738.6482321601861, 0.0, 399.98822883679424], [0.0, 716.6161547395465, 274.3980371799873], [0.0, 0.0, 1.0]], "distortion_coeffs": [[0.10736190844638835, -0.2160113843660875, 0.008912145818919474, 0.03582066309218806, -0.06611482813880147]], "rotation_vec": null, "translation_vec": null}