{"camera_matrix": [[865.3980132617327, 0.0, 315.1727137361476], [0.0, 862.2839366293903, 161.54906922049497], [0.0, 0.0, 1.0]], "distortion_coeffs": [[-0.05521813619486432, 0.9756826216616442, -0.03199393402904434, -0.0017772214040879166, -2.3131066568954455]], "rotation_vec": null, "translation_vec": null}