{"camera_matrix": [[917.6761540541452, 0.0, 406.60103963912405], [0.0, 902.4787839474412, 261.4131649237974], [0.0, 0.0, 1.0]], "distortion_coeffs": [[0.2941258001340751, -1.705392501547613, 0.017028620448950774, 0.047565222386784525, 6.514870579517701]], "rotation_vec": null, "translation_vec": null}