{"camera_matrix": [[880.9326373126578, 0.0, 331.5542996110761], [0.0, 882.0288486845459, 144.29086473975667], [0.0, 0.0, 1.0]], "distortion_coeffs": [[-0.09835967066389804, 1.1912053030974605, -0.03921871216460341, 0.0013992087362104033, -2.5996506750456496]], "translation_vec": null, "rotation_vec": null}