{"translation_vec": null, "camera_matrix": [[833.5601348368024, 0.0, 330.0345931378979], [0.0, 833.7968903469301, 149.08735173068175], [0.0, 0.0, 1.0]], "rotation_vec": null, "distortion_coeffs": [[-0.033590012926375076, 0.5053564833657034, -0.03065309883014486, 0.012057311493525897, -0.7454588641231288]]}