{"camera_matrix": [[904.5042537298165, 0.0, 320.5684832444549], [0.0, 900.2434944358258, 150.85558138615087], [0.0, 0.0, 1.0]], "distortion_coeffs": [[-0.05504381682602394, 0.859480279592584, -0.03867448967138146, -0.002697773722723326, -1.6446121976065733]], "translation_vec": null, "rotation_vec": null}