{"translation_vec": null, "rotation_vec": null, "camera_matrix": [[880.0950456954064, 0.0, 314.8060143555881], [0.0, 877.0184278027317, 171.62662102875717], [0.0, 0.0, 1.0]], "distortion_coeffs": [[-0.014099064929955043, 0.5475729319853304, -0.03434970474756549, -0.0023577322255967435, -0.5218604083257911]]}