{"translation_vec": null, "distortion_coeffs": [[-0.004975442158092953, 0.16519602783177442, -0.03281127669187319, -0.0028712183313920844, 0.8354197179805486]], "rotation_vec": null, "camera_matrix": [[912.8211263936033, 0.0, 319.54279703248557], [0.0, 908.3969165284027, 164.30297644792768], [0.0, 0.0, 1.0]]}