{"distortion_coeffs": [[-0.04380644041348092, 0.6511369854976666, -0.028965062492486534, 0.0019011987800434142, -0.6819739022985506]], "rotation_vec": null, "camera_matrix": [[902.1158627466627, 0.0, 329.67113452368784], [0.0, 895.65074623591, 173.77813896744718], [0.0, 0.0, 1.0]], "translation_vec": null}