{"camera_matrix": [[875.2552354092805, 0.0, 331.1948291781831], [0.0, 874.6823836211084, 148.4342534867271], [0.0, 0.0, 1.0]], "distortion_coeffs": [[-0.12292774439752754, 1.4145371983044677, -0.03711361292549208, 0.0013972816440305988, -3.057217878320968]], "rotation_vec": null, "translation_vec": null}