{"rotation_vec": null, "translation_vec": null, "distortion_coeffs": [[0.28174194460621127, -1.9475982947203707, 0.011325364363543046, 0.03581149702235327, 6.941114281573899]], "camera_matrix": [[891.7278256778542, 0.0, 393.24133596397763], [0.0, 880.9530729601005, 253.81421015995227], [0.0, 0.0, 1.0]]}