{"rotation_matrix": [[0.8968388040489594, 0.23803444456400694, -0.3728535406203577], [-0.25568262447465356, 0.9667582995237514, 0.002187657125302743], [0.3609799926502649, 0.09337019601055424, 0.9278876286507787]], "translation_vector": [[606.6226933339043], [-50.42902303953893], [189.7531832713825]], "essential_matrix": [[30.312723535074205, -188.154032554483, -47.20758150676578], [-48.800637431567, -11.472686196781233, -633.6278386300636], [-109.87617758535805, 598.4613679491256, -17.47555733287543]], "fundamental_matrix": [[-2.7513692983968623e-06, 1.760307451433702e-05, -0.0005647364714352561], [4.504036161228388e-06, 1.0914216318016907e-06, 0.04109542744480287], [0.009093314362875112, -0.058823505167316714, 1.0]], "reprojection_error": 3.193940864729989}