{"essential_matrix": [[13.612097662572086, -132.2110551949978, -58.17126400370549], [-116.4064771290171, 50.214605004091624, -633.7166056061297], [-100.68242428278617, 622.2868406299251, 57.9390794990405]], "translation_vector": [[631.408964908541], [-45.35987816290783], [137.80939636826335]], "rotation_matrix": [[0.89738028567932, 0.2518201165606954, -0.3623468666477741], [-0.2239237840525046, 0.9674622071801687, 0.11779226041503563], [0.3802193601195359, -0.024566370782719706, 0.924570025264099]], "reprojection_error": 1.554730666871965, "fundamental_matrix": [[-1.5902870512149712e-06, 1.5702900228669167e-05, 0.0011090967485147408], [1.3648760421585334e-05, -5.9856007986255e-06, 0.047003499684804266], [0.008475620010751141, -0.06794365314007487, 1.0]]}