{"rotation_matrix": [[0.8914467219601777, 0.2306220617914136, -0.3900464158552556], [-0.19996593681991914, 0.9726612175761734, 0.11808378353934909], [0.4066157473809711, -0.02726940480306001, 0.9131922106235363]], "fundamental_matrix": [[-1.716918400765556e-07, 8.357775038904142e-06, 0.0010449641597460103], [1.0928228356428548e-05, -3.2695338930144667e-06, 0.02721591292998701], [0.003222235143224259, -0.040589369258887995, 0.9999999999999999]], "translation_vector": [[637.0115942826857], [-52.91990368957725], [119.5804881541976]], "reprojection_error": 1.644449530311082, "essential_matrix": [[2.3939581490709045, -114.86820893056499, -62.44656031499965], [-152.4193113241409, 44.948825756881945, -628.3559667865956], [-80.20534554536553, 631.8009702038298, 54.57952044980739]]}