{"fundamental_matrix": [[-9.058577600184721e-07, 8.427704639565103e-06, -0.0004338545109232269], [3.76007541913886e-06, -3.124969698489685e-06, 0.019544777908843916], [0.0029961043366259197, -0.028655372430109082, 1.0]], "rotation_matrix": [[0.9052742016789784, 0.1950730569308939, -0.37739253070791473], [-0.160999614302646, 0.9796126084668606, 0.12015931727149845], [0.3931383267615705, -0.048017078132573075, 0.9182247090112109]], "reprojection_error": 2.3679107374059356, "essential_matrix": [[19.225325820489335, -176.74168863965915, -45.24029655244776], [-79.42544079331904, 65.2266211413311, -638.1884281017831], [-76.79652367247903, 612.6836561451555, 64.91976878902352]], "translation_vector": [[620.3575603475346], [-25.495926240245623], [181.6696998219779]]}