{"rotation_matrix": [[0.8933843017188376, 0.2430509226319599, -0.3778766180251139], [-0.20152408184911072, 0.9684696656329032, 0.14647372181987356], [0.4015626151389316, -0.054706085188448814, 0.9141962099933124]], "reprojection_error": 1.4084315306310193, "essential_matrix": [[10.776644092199575, -122.08004705138056, -53.0437250083487], [-143.63120279228542, 66.31927997686637, -636.1097131565319], [-96.05682767912938, 631.676397870198, 79.99308349652358]], "fundamental_matrix": [[-8.892392113814592e-07, 1.021695601305778e-05, 0.0005591587232023954], [1.185954970086433e-05, -5.553937337793822e-06, 0.033895065431801256], [0.005471568559765926, -0.048830122652906434, 1.0]], "translation_vector": [[642.8340784965059], [-37.48635352867202], [128.1720874755575]]}