{"rotation_matrix": [[0.8927516854900798, 0.23193684433163284, -0.3862638066090398], [-0.19922005084954372, 0.9721666072104492, 0.1233023080255571], [0.404111122581558, -0.033126848120641886, 0.9141098470859315]], "fundamental_matrix": [[-1.2579389605478968e-06, 1.0809552236266182e-05, 3.2993580560000736e-05], [7.00326284473156e-06, -3.994966853145226e-06, 0.026678429559300092], [0.004899882531866878, -0.03974462097705328, 1.0]], "reprojection_error": 1.291091817616223, "essential_matrix": [[18.77682223240744, -159.16247350017886, -52.173156787420425], [-104.6653771200966, 58.89606034860108, -633.469285125012], [-93.07955002052753, 614.0379324176591, 63.40115792478303]], "translation_vector": [[623.3079952487556], [-34.831522575940575], [164.90623198669317]]}