{"translation_vector": [[621.0084462623499], [-46.474938814888155], [216.50963147147195]], "rotation_matrix": [[0.861516948752394, 0.23261977671145753, -0.45130542484561004], [-0.26201584494179664, 0.9650596657194943, -0.0027456512550416076], [0.4348979696570235, 0.12061459730932067, 0.8923653259198887]], "fundamental_matrix": [[-2.308537289587286e-06, 1.3790813532217076e-05, -0.000911424284150441], [5.346374043027938e-06, 1.5965560091831604e-06, 0.026108765324278724], [0.0064664191854624156, -0.04079944335851041, 1.0]], "reprojection_error": 2.665691878698725, "essential_matrix": [[36.517097497505475, -214.55026860304267, -40.878163981276316], [-83.54859533855091, -24.538261542846477, -651.8783757623047], [-122.67510528216528, 610.121193448724, -22.67946462639849]]}