{"fundamental_matrix": [[-2.1762748545539666e-06, 1.4299815156795178e-05, -0.00027093650918851443], [8.409856054004088e-06, -2.414977546322713e-06, 0.04684749174221588], [0.009975379245477685, -0.06582507642467011, 1.0]], "reprojection_error": 2.3387533613587084, "translation_vector": [[651.9921845087927], [-25.886842798562654], [137.6024753680233]], "rotation_matrix": [[0.9231496495283018, 0.22174192842717638, -0.31404655984928487], [-0.21394464794132673, 0.97502889100198, 0.0595512328059693], [0.3194094741754465, 0.012213880990331147, 0.9475380778196297]], "essential_matrix": [[21.17081030211549, -134.4825677743681, -32.723166311487795], [-81.22480391023667, 22.548883296242106, -661.0010052789564], [-115.59280851834282, 641.4514150466108, 30.697264441107766]]}