{"reprojection_error": 1.719174903645027, "translation_vector": [[626.2414200451557], [-44.23776153904608], [151.3688210691898]], "essential_matrix": [[16.48515287252853, -144.3955495148107, -61.21817175436652], [-89.05874854237942, 67.00416038326003, -634.5626982193714], [-94.22974377938542, 616.9737425835272, 67.8192603609439]], "rotation_matrix": [[0.90733832057878, 0.2476225820926276, -0.33973552779634164], [-0.21456319518229772, 0.9677090247424598, 0.13229466620072267], [0.3615242831158678, -0.04714127989116661, 0.9311701737318375]], "fundamental_matrix": [[-1.8034808820145915e-06, 1.597144434778379e-05, 0.0007151296919587567], [9.777234005197235e-06, -7.437260810192873e-06, 0.04521551912280147], [0.007962404633947274, -0.06381165659711371, 1.0]]}