{"fundamental_matrix": [[-1.479644882788009e-06, 1.0107746450146531e-05, -0.0007741762289049602], [4.152341049036417e-06, -3.1164450301628976e-06, 0.02242720891538902], [0.004559126266581831, -0.032871322657214104, 1.0]], "reprojection_error": 2.7899052039251586, "rotation_matrix": [[0.8966393214822966, 0.2147619058394091, -0.38718890863762023], [-0.18656237333106754, 0.9763216822900442, 0.10950092943631706], [0.4015375549420578, -0.02594795734855984, 0.915474901611503]], "essential_matrix": [[28.508841572174646, -192.520032382108, -40.76516746996432], [-79.61686252503591, 59.07055159316805, -662.3265346552663], [-100.6522520644352, 629.1782824863682, 61.98045444182002]], "translation_vector": [[639.8452396119741], [-20.87661555062623], [197.743982761046]]}