{"essential_matrix": [[1.755262078189012, -56.61759263633465, -0.14312478816252439], [55.61142555701792, 7.08174182609975, -156.6685532652524], [-6.614413756221863, 156.24689375670567, 5.363613310714016]], "fundamental_matrix": [[4.4889674976844465e-06, -0.00014437523649432174, 0.029728762489639102], [0.00014269924192943323, 1.8119013411168982e-05, -0.29855649769840176], [-0.049623223058759824, 0.374663827695884, 1.0]], "rotation_matrix": [[0.9995059166439642, 0.030999862405447578, -0.005189520647636924], [-0.030804623018072182, 0.9989394831470226, 0.03421964655974304], [0.006244821408446308, -0.034042877974733494, 0.9994008628497246]], "reprojection_error": 1.6590973547359085, "translation_vector": [[156.46848676667307], [1.7953480587604076], [56.6165165914502]]}