{"fundamental_matrix": [[5.398888916186915e-08, -5.459763567999542e-07, -0.00023148826297178944], [-5.5327783983546625e-08, 1.8372830502975084e-06, -0.008526297992898493], [-0.0009315235026389991, 0.009856822343099288, 1.0]], "essential_matrix": [[1.522094044549588, -15.592287289153793, -16.04751845838857], [-1.5547262613077848, 52.298065410051066, -364.2499490125917], [-32.67507534681748, 362.71437901842967, 51.5496701710924]], "reprojection_error": 3.395373885704367, "translation_vector": [[367.5590571075556], [-13.678060118245963], [17.772723856008433]], "rotation_matrix": [[0.9906894071244233, 0.1318023824108975, -0.03409736943328767], [-0.12576423767037834, 0.9819145280984737, 0.14151754672951494], [0.05213305222838155, -0.13591170479382336, 0.989348347835781]]}