{"reprojection_error": 1.908394778063018, "fundamental_matrix": [[1.1138415294965728e-07, -1.4437915020191823e-06, -0.0006781574332946661], [-2.4414782095574454e-06, 5.916646649401029e-07, 0.004888554338967208], [-0.0013479310359798733, -0.0049620623637632345, 1.0]], "rotation_matrix": [[0.6943173922261535, -0.5041949986774008, 0.5135277618210815], [0.5237850407385585, 0.8433755070676281, 0.11986235929985622], [-0.49353073860781993, 0.18575563891068547, 0.8496600806570251]], "translation_vector": [[-419.3702528657708], [-101.51738139303293], [82.6111254338104]], "essential_matrix": [[6.831476519628751, -88.52962584336984, -96.15723086140721], [-149.61376946692116, 36.248272982378346, 398.7452692206331], [-149.17458146739887, -404.8711556369423, 1.8652857240327307]]}