{"rotation_vec": null, "camera_matrix": [[604.7082108550707, 0.0, 360.85874917951526], [0.0, 606.4696151179093, 218.66622807070354], [0.0, 0.0, 1.0]], "translation_vec": null, "distortion_coeffs": [[0.06241611845834291, -0.517520800288436, -0.0007791008180156327, 0.004573179768668349, 0.7303134379341738]]}