{"translation_vec": null, "camera_matrix": [[622.2734324779703, 0.0, 372.9770004312049], [0.0, 630.3476766743901, 261.643561834979], [0.0, 0.0, 1.0]], "distortion_coeffs": [[-0.045055997956324124, -0.33181146174301834, 0.0023101443223566406, -0.00446454550324271, 0.532214774320047]], "rotation_vec": null}