{"distortion_coeffs": [[0.031335848564142454, 0.08225713112249586, 0.006702674247834341, 0.012428667418872058, -1.5871445590176338]], "translation_vec": null, "rotation_vec": null, "camera_matrix": [[636.4747964251685, 0.0, 366.49751006593874], [0.0, 636.317965134274, 249.71059164301752], [0.0, 0.0, 1.0]]}